ID,HotelName,RoomName
marriott-jakarta-101,Marriott Jakarta,101
marriott-jakarta-102,Marriott Jakarta,102
marriott-jakarta-103,Marriott Jakarta,103
marriott-jakarta-104,Marriott Jakarta,104
marriott-jakarta-105,Marriott Jakarta,105
marriott-jakarta-106,Marriott Jakarta,106
marriott-jakarta-107,Marriott Jakarta,107
marriott-jakarta-108,Marriott Jakarta,108
marriott-jakarta-109,Marriott Jakarta,109
marriott-jakarta-110,Marriott Jakarta,110
marriott-jakarta-111,Marriott Jakarta,111
marriott-jakarta-112,Marriott Jakarta,112
marriott-jakarta-113,Marriott Jakarta,113
marriott-jakarta-114,Marriott Jakarta,114
marriott-jakarta-115,Marriott Jakarta,115
marriott-jakarta-116,Marriott Jakarta,116
marriott-jakarta-117,Marriott Jakarta,117
marriott-jakarta-118,Marriott Jakarta,118
marriott-jakarta-119,Marriott Jakarta,119
marriott-jakarta-120,Marriott Jakarta,120
marriott-jakarta-201,Marriott Jakarta,201
marriott-jakarta-202,Marriott Jakarta,202
marriott-jakarta-203,Marriott Jakarta,203
marriott-jakarta-204,Marriott Jakarta,204
marriott-jakarta-205,Marriott Jakarta,205
marriott-jakarta-206,Marriott Jakarta,206
marriott-jakarta-207,Marriott Jakarta,207
marriott-jakarta-208,Marriott Jakarta,208
marriott-jakarta-209,Marriott Jakarta,209
marriott-jakarta-210,Marriott Jakarta,210
marriott-jakarta-211,Marriott Jakarta,211
marriott-jakarta-212,Marriott Jakarta,212
marriott-jakarta-213,Marriott Jakarta,213
marriott-jakarta-214,Marriott Jakarta,214
marriott-jakarta-215,Marriott Jakarta,215
marriott-jakarta-216,Marriott Jakarta,216
marriott-jakarta-217,Marriott Jakarta,217
marriott-jakarta-218,Marriott Jakarta,218
marriott-jakarta-219,Marriott Jakarta,219
marriott-jakarta-220,Marriott Jakarta,220
marriott-jakarta-301,Marriott Jakarta,301
marriott-jakarta-302,Marriott Jakarta,302
marriott-jakarta-303,Marriott Jakarta,303
marriott-jakarta-304,Marriott Jakarta,304
marriott-jakarta-305,Marriott Jakarta,305
marriott-jakarta-306,Marriott Jakarta,306
marriott-jakarta-307,Marriott Jakarta,307
marriott-jakarta-308,Marriott Jakarta,308
marriott-jakarta-309,Marriott Jakarta,309
marriott-jakarta-310,Marriott Jakarta,310
marriott-jakarta-311,Marriott Jakarta,311
marriott-jakarta-312,Marriott Jakarta,312
marriott-jakarta-313,Marriott Jakarta,313
marriott-jakarta-314,Marriott Jakarta,314
marriott-jakarta-315,Marriott Jakarta,315
marriott-jakarta-316,Marriott Jakarta,316
marriott-jakarta-317,Marriott Jakarta,317
marriott-jakarta-318,Marriott Jakarta,318
marriott-jakarta-319,Marriott Jakarta,319
marriott-jakarta-320,Marriott Jakarta,320
marriott-jakarta-401,Marriott Jakarta,401
marriott-jakarta-402,Marriott Jakarta,402
marriott-jakarta-403,Marriott Jakarta,403
marriott-jakarta-404,Marriott Jakarta,404
marriott-jakarta-405,Marriott Jakarta,405
marriott-jakarta-406,Marriott Jakarta,406
marriott-jakarta-407,Marriott Jakarta,407
marriott-jakarta-408,Marriott Jakarta,408
marriott-jakarta-409,Marriott Jakarta,409
marriott-jakarta-410,Marriott Jakarta,410
marriott-jakarta-411,Marriott Jakarta,411
marriott-jakarta-412,Marriott Jakarta,412
marriott-jakarta-413,Marriott Jakarta,413
marriott-jakarta-414,Marriott Jakarta,414
marriott-jakarta-415,Marriott Jakarta,415
marriott-jakarta-416,Marriott Jakarta,416
marriott-jakarta-417,Marriott Jakarta,417
marriott-jakarta-418,Marriott Jakarta,418
marriott-jakarta-419,Marriott Jakarta,419
marriott-jakarta-420,Marriott Jakarta,420
marriott-jakarta-501,Marriott Jakarta,501
marriott-jakarta-502,Marriott Jakarta,502
marriott-jakarta-503,Marriott Jakarta,503
marriott-jakarta-504,Marriott Jakarta,504
marriott-jakarta-505,Marriott Jakarta,505
marriott-jakarta-506,Marriott Jakarta,506
marriott-jakarta-507,Marriott Jakarta,507
marriott-jakarta-508,Marriott Jakarta,508
marriott-jakarta-509,Marriott Jakarta,509
marriott-jakarta-510,Marriott Jakarta,510
marriott-jakarta-511,Marriott Jakarta,511
marriott-jakarta-512,Marriott Jakarta,512
marriott-jakarta-513,Marriott Jakarta,513
marriott-jakarta-514,Marriott Jakarta,514
marriott-jakarta-515,Marriott Jakarta,515
marriott-jakarta-516,Marriott Jakarta,516
marriott-jakarta-517,Marriott Jakarta,517
marriott-jakarta-518,Marriott Jakarta,518
marriott-jakarta-519,Marriott Jakarta,519
marriott-jakarta-520,Marriott Jakarta,520
ritz-carlton-jakarta-101,Ritz-Carlton Jakarta,101
ritz-carlton-jakarta-102,Ritz-Carlton Jakarta,102
ritz-carlton-jakarta-103,Ritz-Carlton Jakarta,103
ritz-carlton-jakarta-104,Ritz-Carlton Jakarta,104
ritz-carlton-jakarta-105,Ritz-Carlton Jakarta,105
ritz-carlton-jakarta-106,Ritz-Carlton Jakarta,106
ritz-carlton-jakarta-107,Ritz-Carlton Jakarta,107
ritz-carlton-jakarta-108,Ritz-Carlton Jakarta,108
ritz-carlton-jakarta-109,Ritz-Carlton Jakarta,109
ritz-carlton-jakarta-110,Ritz-Carlton Jakarta,110
ritz-carlton-jakarta-111,Ritz-Carlton Jakarta,111
ritz-carlton-jakarta-112,Ritz-Carlton Jakarta,112
ritz-carlton-jakarta-113,Ritz-Carlton Jakarta,113
ritz-carlton-jakarta-114,Ritz-Carlton Jakarta,114
ritz-carlton-jakarta-115,Ritz-Carlton Jakarta,115
ritz-carlton-jakarta-116,Ritz-Carlton Jakarta,116
ritz-carlton-jakarta-117,Ritz-Carlton Jakarta,117
ritz-carlton-jakarta-118,Ritz-Carlton Jakarta,118
ritz-carlton-jakarta-119,Ritz-Carlton Jakarta,119
ritz-carlton-jakarta-120,Ritz-Carlton Jakarta,120
ritz-carlton-jakarta-201,Ritz-Carlton Jakarta,201
ritz-carlton-jakarta-202,Ritz-Carlton Jakarta,202
ritz-carlton-jakarta-203,Ritz-Carlton Jakarta,203
ritz-carlton-jakarta-204,Ritz-Carlton Jakarta,204
ritz-carlton-jakarta-205,Ritz-Carlton Jakarta,205
ritz-carlton-jakarta-206,Ritz-Carlton Jakarta,206
ritz-carlton-jakarta-207,Ritz-Carlton Jakarta,207
ritz-carlton-jakarta-208,Ritz-Carlton Jakarta,208
ritz-carlton-jakarta-209,Ritz-Carlton Jakarta,209
ritz-carlton-jakarta-210,Ritz-Carlton Jakarta,210
ritz-carlton-jakarta-211,Ritz-Carlton Jakarta,211
ritz-carlton-jakarta-212,Ritz-Carlton Jakarta,212
ritz-carlton-jakarta-213,Ritz-Carlton Jakarta,213
ritz-carlton-jakarta-214,Ritz-Carlton Jakarta,214
ritz-carlton-jakarta-215,Ritz-Carlton Jakarta,215
ritz-carlton-jakarta-216,Ritz-Carlton Jakarta,216
ritz-carlton-jakarta-217,Ritz-Carlton Jakarta,217
ritz-carlton-jakarta-218,Ritz-Carlton Jakarta,218
ritz-carlton-jakarta-219,Ritz-Carlton Jakarta,219
ritz-carlton-jakarta-220,Ritz-Carlton Jakarta,220
ritz-carlton-jakarta-301,Ritz-Carlton Jakarta,301
ritz-carlton-jakarta-302,Ritz-Carlton Jakarta,302
ritz-carlton-jakarta-303,Ritz-Carlton Jakarta,303
ritz-carlton-jakarta-304,Ritz-Carlton Jakarta,304
ritz-carlton-jakarta-305,Ritz-Carlton Jakarta,305
ritz-carlton-jakarta-306,Ritz-Carlton Jakarta,306
ritz-carlton-jakarta-307,Ritz-Carlton Jakarta,307
ritz-carlton-jakarta-308,Ritz-Carlton Jakarta,308
ritz-carlton-jakarta-309,Ritz-Carlton Jakarta,309
ritz-carlton-jakarta-310,Ritz-Carlton Jakarta,310
ritz-carlton-jakarta-311,Ritz-Carlton Jakarta,311
ritz-carlton-jakarta-312,Ritz-Carlton Jakarta,312
ritz-carlton-jakarta-313,Ritz-Carlton Jakarta,313
ritz-carlton-jakarta-314,Ritz-Carlton Jakarta,314
ritz-carlton-jakarta-315,Ritz-Carlton Jakarta,315
ritz-carlton-jakarta-316,Ritz-Carlton Jakarta,316
ritz-carlton-jakarta-317,Ritz-Carlton Jakarta,317
ritz-carlton-jakarta-318,Ritz-Carlton Jakarta,318
ritz-carlton-jakarta-319,Ritz-Carlton Jakarta,319
ritz-carlton-jakarta-320,Ritz-Carlton Jakarta,320
ritz-carlton-jakarta-401,Ritz-Carlton Jakarta,401
ritz-carlton-jakarta-402,Ritz-Carlton Jakarta,402
ritz-carlton-jakarta-403,Ritz-Carlton Jakarta,403
ritz-carlton-jakarta-404,Ritz-Carlton Jakarta,404
ritz-carlton-jakarta-405,Ritz-Carlton Jakarta,405
ritz-carlton-jakarta-406,Ritz-Carlton Jakarta,406
ritz-carlton-jakarta-407,Ritz-Carlton Jakarta,407
ritz-carlton-jakarta-408,Ritz-Carlton Jakarta,408
ritz-carlton-jakarta-409,Ritz-Carlton Jakarta,409
ritz-carlton-jakarta-410,Ritz-Carlton Jakarta,410
ritz-carlton-jakarta-411,Ritz-Carlton Jakarta,411
ritz-carlton-jakarta-412,Ritz-Carlton Jakarta,412
ritz-carlton-jakarta-413,Ritz-Carlton Jakarta,413
ritz-carlton-jakarta-414,Ritz-Carlton Jakarta,414
ritz-carlton-jakarta-415,Ritz-Carlton Jakarta,415
ritz-carlton-jakarta-416,Ritz-Carlton Jakarta,416
ritz-carlton-jakarta-417,Ritz-Carlton Jakarta,417
ritz-carlton-jakarta-418,Ritz-Carlton Jakarta,418
ritz-carlton-jakarta-419,Ritz-Carlton Jakarta,419
ritz-carlton-jakarta-420,Ritz-Carlton Jakarta,420
ritz-carlton-jakarta-501,Ritz-Carlton Jakarta,501
ritz-carlton-jakarta-502,Ritz-Carlton Jakarta,502
ritz-carlton-jakarta-503,Ritz-Carlton Jakarta,503
ritz-carlton-jakarta-504,Ritz-Carlton Jakarta,504
ritz-carlton-jakarta-505,Ritz-Carlton Jakarta,505
ritz-carlton-jakarta-506,Ritz-Carlton Jakarta,506
ritz-carlton-jakarta-507,Ritz-Carlton Jakarta,507
ritz-carlton-jakarta-508,Ritz-Carlton Jakarta,508
ritz-carlton-jakarta-509,Ritz-Carlton Jakarta,509
ritz-carlton-jakarta-510,Ritz-Carlton Jakarta,510
ritz-carlton-jakarta-511,Ritz-Carlton Jakarta,511
ritz-carlton-jakarta-512,Ritz-Carlton Jakarta,512
ritz-carlton-jakarta-513,Ritz-Carlton Jakarta,513
ritz-carlton-jakarta-514,Ritz-Carlton Jakarta,514
ritz-carlton-jakarta-515,Ritz-Carlton Jakarta,515
ritz-carlton-jakarta-516,Ritz-Carlton Jakarta,516
ritz-carlton-jakarta-517,Ritz-Carlton Jakarta,517
ritz-carlton-jakarta-518,Ritz-Carlton Jakarta,518
ritz-carlton-jakarta-519,Ritz-Carlton Jakarta,519
ritz-carlton-jakarta-520,Ritz-Carlton Jakarta,520
mandarin-oriental-jakarta-101,Mandarin Oriental Jakarta,101
mandarin-oriental-jakarta-102,Mandarin Oriental Jakarta,102
mandarin-oriental-jakarta-103,Mandarin Oriental Jakarta,103
mandarin-oriental-jakarta-104,Mandarin Oriental Jakarta,104
mandarin-oriental-jakarta-105,Mandarin Oriental Jakarta,105
mandarin-oriental-jakarta-106,Mandarin Oriental Jakarta,106
mandarin-oriental-jakarta-107,Mandarin Oriental Jakarta,107
mandarin-oriental-jakarta-108,Mandarin Oriental Jakarta,108
mandarin-oriental-jakarta-109,Mandarin Oriental Jakarta,109
mandarin-oriental-jakarta-110,Mandarin Oriental Jakarta,110
mandarin-oriental-jakarta-111,Mandarin Oriental Jakarta,111
mandarin-oriental-jakarta-112,Mandarin Oriental Jakarta,112
mandarin-oriental-jakarta-113,Mandarin Oriental Jakarta,113
mandarin-oriental-jakarta-114,Mandarin Oriental Jakarta,114
mandarin-oriental-jakarta-115,Mandarin Oriental Jakarta,115
mandarin-oriental-jakarta-116,Mandarin Oriental Jakarta,116
mandarin-oriental-jakarta-117,Mandarin Oriental Jakarta,117
mandarin-oriental-jakarta-118,Mandarin Oriental Jakarta,118
mandarin-oriental-jakarta-119,Mandarin Oriental Jakarta,119
mandarin-oriental-jakarta-120,Mandarin Oriental Jakarta,120
mandarin-oriental-jakarta-201,Mandarin Oriental Jakarta,201
mandarin-oriental-jakarta-202,Mandarin Oriental Jakarta,202
mandarin-oriental-jakarta-203,Mandarin Oriental Jakarta,203
mandarin-oriental-jakarta-204,Mandarin Oriental Jakarta,204
mandarin-oriental-jakarta-205,Mandarin Oriental Jakarta,205
mandarin-oriental-jakarta-206,Mandarin Oriental Jakarta,206
mandarin-oriental-jakarta-207,Mandarin Oriental Jakarta,207
mandarin-oriental-jakarta-208,Mandarin Oriental Jakarta,208
mandarin-oriental-jakarta-209,Mandarin Oriental Jakarta,209
mandarin-oriental-jakarta-210,Mandarin Oriental Jakarta,210
mandarin-oriental-jakarta-211,Mandarin Oriental Jakarta,211
mandarin-oriental-jakarta-212,Mandarin Oriental Jakarta,212
mandarin-oriental-jakarta-213,Mandarin Oriental Jakarta,213
mandarin-oriental-jakarta-214,Mandarin Oriental Jakarta,214
mandarin-oriental-jakarta-215,Mandarin Oriental Jakarta,215
mandarin-oriental-jakarta-216,Mandarin Oriental Jakarta,216
mandarin-oriental-jakarta-217,Mandarin Oriental Jakarta,217
mandarin-oriental-jakarta-218,Mandarin Oriental Jakarta,218
mandarin-oriental-jakarta-219,Mandarin Oriental Jakarta,219
mandarin-oriental-jakarta-220,Mandarin Oriental Jakarta,220
mandarin-oriental-jakarta-301,Mandarin Oriental Jakarta,301
mandarin-oriental-jakarta-302,Mandarin Oriental Jakarta,302
mandarin-oriental-jakarta-303,Mandarin Oriental Jakarta,303
mandarin-oriental-jakarta-304,Mandarin Oriental Jakarta,304
mandarin-oriental-jakarta-305,Mandarin Oriental Jakarta,305
mandarin-oriental-jakarta-306,Mandarin Oriental Jakarta,306
mandarin-oriental-jakarta-307,Mandarin Oriental Jakarta,307
mandarin-oriental-jakarta-308,Mandarin Oriental Jakarta,308
mandarin-oriental-jakarta-309,Mandarin Oriental Jakarta,309
mandarin-oriental-jakarta-310,Mandarin Oriental Jakarta,310
mandarin-oriental-jakarta-311,Mandarin Oriental Jakarta,311
mandarin-oriental-jakarta-312,Mandarin Oriental Jakarta,312
mandarin-oriental-jakarta-313,Mandarin Oriental Jakarta,313
mandarin-oriental-jakarta-314,Mandarin Oriental Jakarta,314
mandarin-oriental-jakarta-315,Mandarin Oriental Jakarta,315
mandarin-oriental-jakarta-316,Mandarin Oriental Jakarta,316
mandarin-oriental-jakarta-317,Mandarin Oriental Jakarta,317
mandarin-oriental-jakarta-318,Mandarin Oriental Jakarta,318
mandarin-oriental-jakarta-319,Mandarin Oriental Jakarta,319
mandarin-oriental-jakarta-320,Mandarin Oriental Jakarta,320
mandarin-oriental-jakarta-401,Mandarin Oriental Jakarta,401
mandarin-oriental-jakarta-402,Mandarin Oriental Jakarta,402
mandarin-oriental-jakarta-403,Mandarin Oriental Jakarta,403
mandarin-oriental-jakarta-404,Mandarin Oriental Jakarta,404
mandarin-oriental-jakarta-405,Mandarin Oriental Jakarta,405
mandarin-oriental-jakarta-406,Mandarin Oriental Jakarta,406
mandarin-oriental-jakarta-407,Mandarin Oriental Jakarta,407
mandarin-oriental-jakarta-408,Mandarin Oriental Jakarta,408
mandarin-oriental-jakarta-409,Mandarin Oriental Jakarta,409
mandarin-oriental-jakarta-410,Mandarin Oriental Jakarta,410
mandarin-oriental-jakarta-411,Mandarin Oriental Jakarta,411
mandarin-oriental-jakarta-412,Mandarin Oriental Jakarta,412
mandarin-oriental-jakarta-413,Mandarin Oriental Jakarta,413
mandarin-oriental-jakarta-414,Mandarin Oriental Jakarta,414
mandarin-oriental-jakarta-415,Mandarin Oriental Jakarta,415
mandarin-oriental-jakarta-416,Mandarin Oriental Jakarta,416
mandarin-oriental-jakarta-417,Mandarin Oriental Jakarta,417
mandarin-oriental-jakarta-418,Mandarin Oriental Jakarta,418
mandarin-oriental-jakarta-419,Mandarin Oriental Jakarta,419
mandarin-oriental-jakarta-420,Mandarin Oriental Jakarta,420
mandarin-oriental-jakarta-501,Mandarin Oriental Jakarta,501
mandarin-oriental-jakarta-502,Mandarin Oriental Jakarta,502
mandarin-oriental-jakarta-503,Mandarin Oriental Jakarta,503
mandarin-oriental-jakarta-504,Mandarin Oriental Jakarta,504
mandarin-oriental-jakarta-505,Mandarin Oriental Jakarta,505
mandarin-oriental-jakarta-506,Mandarin Oriental Jakarta,506
mandarin-oriental-jakarta-507,Mandarin Oriental Jakarta,507
mandarin-oriental-jakarta-508,Mandarin Oriental Jakarta,508
mandarin-oriental-jakarta-509,Mandarin Oriental Jakarta,509
mandarin-oriental-jakarta-510,Mandarin Oriental Jakarta,510
mandarin-oriental-jakarta-511,Mandarin Oriental Jakarta,511
mandarin-oriental-jakarta-512,Mandarin Oriental Jakarta,512
mandarin-oriental-jakarta-513,Mandarin Oriental Jakarta,513
mandarin-oriental-jakarta-514,Mandarin Oriental Jakarta,514
mandarin-oriental-jakarta-515,Mandarin Oriental Jakarta,515
mandarin-oriental-jakarta-516,Mandarin Oriental Jakarta,516
mandarin-oriental-jakarta-517,Mandarin Oriental Jakarta,517
mandarin-oriental-jakarta-518,Mandarin Oriental Jakarta,518
mandarin-oriental-jakarta-519,Mandarin Oriental Jakarta,519
mandarin-oriental-jakarta-520,Mandarin Oriental Jakarta,520
four-seasons-jakarta-101,Four Seasons Jakarta,101
four-seasons-jakarta-102,Four Seasons Jakarta,102
four-seasons-jakarta-103,Four Seasons Jakarta,103
four-seasons-jakarta-104,Four Seasons Jakarta,104
four-seasons-jakarta-105,Four Seasons Jakarta,105
four-seasons-jakarta-106,Four Seasons Jakarta,106
four-seasons-jakarta-107,Four Seasons Jakarta,107
four-seasons-jakarta-108,Four Seasons Jakarta,108
four-seasons-jakarta-109,Four Seasons Jakarta,109
four-seasons-jakarta-110,Four Seasons Jakarta,110
four-seasons-jakarta-111,Four Seasons Jakarta,111
four-seasons-jakarta-112,Four Seasons Jakarta,112
four-seasons-jakarta-113,Four Seasons Jakarta,113
four-seasons-jakarta-114,Four Seasons Jakarta,114
four-seasons-jakarta-115,Four Seasons Jakarta,115
four-seasons-jakarta-116,Four Seasons Jakarta,116
four-seasons-jakarta-117,Four Seasons Jakarta,117
four-seasons-jakarta-118,Four Seasons Jakarta,118
four-seasons-jakarta-119,Four Seasons Jakarta,119
four-seasons-jakarta-120,Four Seasons Jakarta,120
four-seasons-jakarta-201,Four Seasons Jakarta,201
four-seasons-jakarta-202,Four Seasons Jakarta,202
four-seasons-jakarta-203,Four Seasons Jakarta,203
four-seasons-jakarta-204,Four Seasons Jakarta,204
four-seasons-jakarta-205,Four Seasons Jakarta,205
four-seasons-jakarta-206,Four Seasons Jakarta,206
four-seasons-jakarta-207,Four Seasons Jakarta,207
four-seasons-jakarta-208,Four Seasons Jakarta,208
four-seasons-jakarta-209,Four Seasons Jakarta,209
four-seasons-jakarta-210,Four Seasons Jakarta,210
four-seasons-jakarta-211,Four Seasons Jakarta,211
four-seasons-jakarta-212,Four Seasons Jakarta,212
four-seasons-jakarta-213,Four Seasons Jakarta,213
four-seasons-jakarta-214,Four Seasons Jakarta,214
four-seasons-jakarta-215,Four Seasons Jakarta,215
four-seasons-jakarta-216,Four Seasons Jakarta,216
four-seasons-jakarta-217,Four Seasons Jakarta,217
four-seasons-jakarta-218,Four Seasons Jakarta,218
four-seasons-jakarta-219,Four Seasons Jakarta,219
four-seasons-jakarta-220,Four Seasons Jakarta,220
four-seasons-jakarta-301,Four Seasons Jakarta,301
four-seasons-jakarta-302,Four Seasons Jakarta,302
four-seasons-jakarta-303,Four Seasons Jakarta,303
four-seasons-jakarta-304,Four Seasons Jakarta,304
four-seasons-jakarta-305,Four Seasons Jakarta,305
four-seasons-jakarta-306,Four Seasons Jakarta,306
four-seasons-jakarta-307,Four Seasons Jakarta,307
four-seasons-jakarta-308,Four Seasons Jakarta,308
four-seasons-jakarta-309,Four Seasons Jakarta,309
four-seasons-jakarta-310,Four Seasons Jakarta,310
four-seasons-jakarta-311,Four Seasons Jakarta,311
four-seasons-jakarta-312,Four Seasons Jakarta,312
four-seasons-jakarta-313,Four Seasons Jakarta,313
four-seasons-jakarta-314,Four Seasons Jakarta,314
four-seasons-jakarta-315,Four Seasons Jakarta,315
four-seasons-jakarta-316,Four Seasons Jakarta,316
four-seasons-jakarta-317,Four Seasons Jakarta,317
four-seasons-jakarta-318,Four Seasons Jakarta,318
four-seasons-jakarta-319,Four Seasons Jakarta,319
four-seasons-jakarta-320,Four Seasons Jakarta,320
four-seasons-jakarta-401,Four Seasons Jakarta,401
four-seasons-jakarta-402,Four Seasons Jakarta,402
four-seasons-jakarta-403,Four Seasons Jakarta,403
four-seasons-jakarta-404,Four Seasons Jakarta,404
four-seasons-jakarta-405,Four Seasons Jakarta,405
four-seasons-jakarta-406,Four Seasons Jakarta,406
four-seasons-jakarta-407,Four Seasons Jakarta,407
four-seasons-jakarta-408,Four Seasons Jakarta,408
four-seasons-jakarta-409,Four Seasons Jakarta,409
four-seasons-jakarta-410,Four Seasons Jakarta,410
four-seasons-jakarta-411,Four Seasons Jakarta,411
four-seasons-jakarta-412,Four Seasons Jakarta,412
four-seasons-jakarta-413,Four Seasons Jakarta,413
four-seasons-jakarta-414,Four Seasons Jakarta,414
four-seasons-jakarta-415,Four Seasons Jakarta,415
four-seasons-jakarta-416,Four Seasons Jakarta,416
four-seasons-jakarta-417,Four Seasons Jakarta,417
four-seasons-jakarta-418,Four Seasons Jakarta,418
four-seasons-jakarta-419,Four Seasons Jakarta,419
four-seasons-jakarta-420,Four Seasons Jakarta,420
four-seasons-jakarta-501,Four Seasons Jakarta,501
four-seasons-jakarta-502,Four Seasons Jakarta,502
four-seasons-jakarta-503,Four Seasons Jakarta,503
four-seasons-jakarta-504,Four Seasons Jakarta,504
four-seasons-jakarta-505,Four Seasons Jakarta,505
four-seasons-jakarta-506,Four Seasons Jakarta,506
four-seasons-jakarta-507,Four Seasons Jakarta,507
four-seasons-jakarta-508,Four Seasons Jakarta,508
four-seasons-jakarta-509,Four Seasons Jakarta,509
four-seasons-jakarta-510,Four Seasons Jakarta,510
four-seasons-jakarta-511,Four Seasons Jakarta,511
four-seasons-jakarta-512,Four Seasons Jakarta,512
four-seasons-jakarta-513,Four Seasons Jakarta,513
four-seasons-jakarta-514,Four Seasons Jakarta,514
four-seasons-jakarta-515,Four Seasons Jakarta,515
four-seasons-jakarta-516,Four Seasons Jakarta,516
four-seasons-jakarta-517,Four Seasons Jakarta,517
four-seasons-jakarta-518,Four Seasons Jakarta,518
four-seasons-jakarta-519,Four Seasons Jakarta,519
four-seasons-jakarta-520,Four Seasons Jakarta,520
grand-hyatt-jakarta-101,Grand Hyatt Jakarta,101
grand-hyatt-jakarta-102,Grand Hyatt Jakarta,102
grand-hyatt-jakarta-103,Grand Hyatt Jakarta,103
grand-hyatt-jakarta-104,Grand Hyatt Jakarta,104
grand-hyatt-jakarta-105,Grand Hyatt Jakarta,105
grand-hyatt-jakarta-106,Grand Hyatt Jakarta,106
grand-hyatt-jakarta-107,Grand Hyatt Jakarta,107
grand-hyatt-jakarta-108,Grand Hyatt Jakarta,108
grand-hyatt-jakarta-109,Grand Hyatt Jakarta,109
grand-hyatt-jakarta-110,Grand Hyatt Jakarta,110
grand-hyatt-jakarta-111,Grand Hyatt Jakarta,111
grand-hyatt-jakarta-112,Grand Hyatt Jakarta,112
grand-hyatt-jakarta-113,Grand Hyatt Jakarta,113
grand-hyatt-jakarta-114,Grand Hyatt Jakarta,114
grand-hyatt-jakarta-115,Grand Hyatt Jakarta,115
grand-hyatt-jakarta-116,Grand Hyatt Jakarta,116
grand-hyatt-jakarta-117,Grand Hyatt Jakarta,117
grand-hyatt-jakarta-118,Grand Hyatt Jakarta,118
grand-hyatt-jakarta-119,Grand Hyatt Jakarta,119
grand-hyatt-jakarta-120,Grand Hyatt Jakarta,120
grand-hyatt-jakarta-201,Grand Hyatt Jakarta,201
grand-hyatt-jakarta-202,Grand Hyatt Jakarta,202
grand-hyatt-jakarta-203,Grand Hyatt Jakarta,203
grand-hyatt-jakarta-204,Grand Hyatt Jakarta,204
grand-hyatt-jakarta-205,Grand Hyatt Jakarta,205
grand-hyatt-jakarta-206,Grand Hyatt Jakarta,206
grand-hyatt-jakarta-207,Grand Hyatt Jakarta,207
grand-hyatt-jakarta-208,Grand Hyatt Jakarta,208
grand-hyatt-jakarta-209,Grand Hyatt Jakarta,209
grand-hyatt-jakarta-210,Grand Hyatt Jakarta,210
grand-hyatt-jakarta-211,Grand Hyatt Jakarta,211
grand-hyatt-jakarta-212,Grand Hyatt Jakarta,212
grand-hyatt-jakarta-213,Grand Hyatt Jakarta,213
grand-hyatt-jakarta-214,Grand Hyatt Jakarta,214
grand-hyatt-jakarta-215,Grand Hyatt Jakarta,215
grand-hyatt-jakarta-216,Grand Hyatt Jakarta,216
grand-hyatt-jakarta-217,Grand Hyatt Jakarta,217
grand-hyatt-jakarta-218,Grand Hyatt Jakarta,218
grand-hyatt-jakarta-219,Grand Hyatt Jakarta,219
grand-hyatt-jakarta-220,Grand Hyatt Jakarta,220
grand-hyatt-jakarta-301,Grand Hyatt Jakarta,301
grand-hyatt-jakarta-302,Grand Hyatt Jakarta,302
grand-hyatt-jakarta-303,Grand Hyatt Jakarta,303
grand-hyatt-jakarta-304,Grand Hyatt Jakarta,304
grand-hyatt-jakarta-305,Grand Hyatt Jakarta,305
grand-hyatt-jakarta-306,Grand Hyatt Jakarta,306
grand-hyatt-jakarta-307,Grand Hyatt Jakarta,307
grand-hyatt-jakarta-308,Grand Hyatt Jakarta,308
grand-hyatt-jakarta-309,Grand Hyatt Jakarta,309
grand-hyatt-jakarta-310,Grand Hyatt Jakarta,310
grand-hyatt-jakarta-311,Grand Hyatt Jakarta,311
grand-hyatt-jakarta-312,Grand Hyatt Jakarta,312
grand-hyatt-jakarta-313,Grand Hyatt Jakarta,313
grand-hyatt-jakarta-314,Grand Hyatt Jakarta,314
grand-hyatt-jakarta-315,Grand Hyatt Jakarta,315
grand-hyatt-jakarta-316,Grand Hyatt Jakarta,316
grand-hyatt-jakarta-317,Grand Hyatt Jakarta,317
grand-hyatt-jakarta-318,Grand Hyatt Jakarta,318
grand-hyatt-jakarta-319,Grand Hyatt Jakarta,319
grand-hyatt-jakarta-320,Grand Hyatt Jakarta,320
grand-hyatt-jakarta-401,Grand Hyatt Jakarta,401
grand-hyatt-jakarta-402,Grand Hyatt Jakarta,402
grand-hyatt-jakarta-403,Grand Hyatt Jakarta,403
grand-hyatt-jakarta-404,Grand Hyatt Jakarta,404
grand-hyatt-jakarta-405,Grand Hyatt Jakarta,405
grand-hyatt-jakarta-406,Grand Hyatt Jakarta,406
grand-hyatt-jakarta-407,Grand Hyatt Jakarta,407
grand-hyatt-jakarta-408,Grand Hyatt Jakarta,408
grand-hyatt-jakarta-409,Grand Hyatt Jakarta,409
grand-hyatt-jakarta-410,Grand Hyatt Jakarta,410
grand-hyatt-jakarta-411,Grand Hyatt Jakarta,411
grand-hyatt-jakarta-412,Grand Hyatt Jakarta,412
grand-hyatt-jakarta-413,Grand Hyatt Jakarta,413
grand-hyatt-jakarta-414,Grand Hyatt Jakarta,414
grand-hyatt-jakarta-415,Grand Hyatt Jakarta,415
grand-hyatt-jakarta-416,Grand Hyatt Jakarta,416
grand-hyatt-jakarta-417,Grand Hyatt Jakarta,417
grand-hyatt-jakarta-418,Grand Hyatt Jakarta,418
grand-hyatt-jakarta-419,Grand Hyatt Jakarta,419
grand-hyatt-jakarta-420,Grand Hyatt Jakarta,420
grand-hyatt-jakarta-501,Grand Hyatt Jakarta,501
grand-hyatt-jakarta-502,Grand Hyatt Jakarta,502
grand-hyatt-jakarta-503,Grand Hyatt Jakarta,503
grand-hyatt-jakarta-504,Grand Hyatt Jakarta,504
grand-hyatt-jakarta-505,Grand Hyatt Jakarta,505
grand-hyatt-jakarta-506,Grand Hyatt Jakarta,506
grand-hyatt-jakarta-507,Grand Hyatt Jakarta,507
grand-hyatt-jakarta-508,Grand Hyatt Jakarta,508
grand-hyatt-jakarta-509,Grand Hyatt Jakarta,509
grand-hyatt-jakarta-510,Grand Hyatt Jakarta,510
grand-hyatt-jakarta-511,Grand Hyatt Jakarta,511
grand-hyatt-jakarta-512,Grand Hyatt Jakarta,512
grand-hyatt-jakarta-513,Grand Hyatt Jakarta,513
grand-hyatt-jakarta-514,Grand Hyatt Jakarta,514
grand-hyatt-jakarta-515,Grand Hyatt Jakarta,515
grand-hyatt-jakarta-516,Grand Hyatt Jakarta,516
grand-hyatt-jakarta-517,Grand Hyatt Jakarta,517
grand-hyatt-jakarta-518,Grand Hyatt Jakarta,518
grand-hyatt-jakarta-519,Grand Hyatt Jakarta,519
grand-hyatt-jakarta-520,Grand Hyatt Jakarta,520
intercontinental-jakarta-101,InterContinental Jakarta,101
intercontinental-jakarta-102,InterContinental Jakarta,102
intercontinental-jakarta-103,InterContinental Jakarta,103
intercontinental-jakarta-104,InterContinental Jakarta,104
intercontinental-jakarta-105,InterContinental Jakarta,105
intercontinental-jakarta-106,InterContinental Jakarta,106
intercontinental-jakarta-107,InterContinental Jakarta,107
intercontinental-jakarta-108,InterContinental Jakarta,108
intercontinental-jakarta-109,InterContinental Jakarta,109
intercontinental-jakarta-110,InterContinental Jakarta,110
intercontinental-jakarta-111,InterContinental Jakarta,111
intercontinental-jakarta-112,InterContinental Jakarta,112
intercontinental-jakarta-113,InterContinental Jakarta,113
intercontinental-jakarta-114,InterContinental Jakarta,114
intercontinental-jakarta-115,InterContinental Jakarta,115
intercontinental-jakarta-116,InterContinental Jakarta,116
intercontinental-jakarta-117,InterContinental Jakarta,117
intercontinental-jakarta-118,InterContinental Jakarta,118
intercontinental-jakarta-119,InterContinental Jakarta,119
intercontinental-jakarta-120,InterContinental Jakarta,120
intercontinental-jakarta-201,InterContinental Jakarta,201
intercontinental-jakarta-202,InterContinental Jakarta,202
intercontinental-jakarta-203,InterContinental Jakarta,203
intercontinental-jakarta-204,InterContinental Jakarta,204
intercontinental-jakarta-205,InterContinental Jakarta,205
intercontinental-jakarta-206,InterContinental Jakarta,206
intercontinental-jakarta-207,InterContinental Jakarta,207
intercontinental-jakarta-208,InterContinental Jakarta,208
intercontinental-jakarta-209,InterContinental Jakarta,209
intercontinental-jakarta-210,InterContinental Jakarta,210
intercontinental-jakarta-211,InterContinental Jakarta,211
intercontinental-jakarta-212,InterContinental Jakarta,212
intercontinental-jakarta-213,InterContinental Jakarta,213
intercontinental-jakarta-214,InterContinental Jakarta,214
intercontinental-jakarta-215,InterContinental Jakarta,215
intercontinental-jakarta-216,InterContinental Jakarta,216
intercontinental-jakarta-217,InterContinental Jakarta,217
intercontinental-jakarta-218,InterContinental Jakarta,218
intercontinental-jakarta-219,InterContinental Jakarta,219
intercontinental-jakarta-220,InterContinental Jakarta,220
intercontinental-jakarta-301,InterContinental Jakarta,301
intercontinental-jakarta-302,InterContinental Jakarta,302
intercontinental-jakarta-303,InterContinental Jakarta,303
intercontinental-jakarta-304,InterContinental Jakarta,304
intercontinental-jakarta-305,InterContinental Jakarta,305
intercontinental-jakarta-306,InterContinental Jakarta,306
intercontinental-jakarta-307,InterContinental Jakarta,307
intercontinental-jakarta-308,InterContinental Jakarta,308
intercontinental-jakarta-309,InterContinental Jakarta,309
intercontinental-jakarta-310,InterContinental Jakarta,310
intercontinental-jakarta-311,InterContinental Jakarta,311
intercontinental-jakarta-312,InterContinental Jakarta,312
intercontinental-jakarta-313,InterContinental Jakarta,313
intercontinental-jakarta-314,InterContinental Jakarta,314
intercontinental-jakarta-315,InterContinental Jakarta,315
intercontinental-jakarta-316,InterContinental Jakarta,316
intercontinental-jakarta-317,InterContinental Jakarta,317
intercontinental-jakarta-318,InterContinental Jakarta,318
intercontinental-jakarta-319,InterContinental Jakarta,319
intercontinental-jakarta-320,InterContinental Jakarta,320
intercontinental-jakarta-401,InterContinental Jakarta,401
intercontinental-jakarta-402,InterContinental Jakarta,402
intercontinental-jakarta-403,InterContinental Jakarta,403
intercontinental-jakarta-404,InterContinental Jakarta,404
intercontinental-jakarta-405,InterContinental Jakarta,405
intercontinental-jakarta-406,InterContinental Jakarta,406
intercontinental-jakarta-407,InterContinental Jakarta,407
intercontinental-jakarta-408,InterContinental Jakarta,408
intercontinental-jakarta-409,InterContinental Jakarta,409
intercontinental-jakarta-410,InterContinental Jakarta,410
intercontinental-jakarta-411,InterContinental Jakarta,411
intercontinental-jakarta-412,InterContinental Jakarta,412
intercontinental-jakarta-413,InterContinental Jakarta,413
intercontinental-jakarta-414,InterContinental Jakarta,414
intercontinental-jakarta-415,InterContinental Jakarta,415
intercontinental-jakarta-416,InterContinental Jakarta,416
intercontinental-jakarta-417,InterContinental Jakarta,417
intercontinental-jakarta-418,InterContinental Jakarta,418
intercontinental-jakarta-419,InterContinental Jakarta,419
intercontinental-jakarta-420,InterContinental Jakarta,420
intercontinental-jakarta-501,InterContinental Jakarta,501
intercontinental-jakarta-502,InterContinental Jakarta,502
intercontinental-jakarta-503,InterContinental Jakarta,503
intercontinental-jakarta-504,InterContinental Jakarta,504
intercontinental-jakarta-505,InterContinental Jakarta,505
intercontinental-jakarta-506,InterContinental Jakarta,506
intercontinental-jakarta-507,InterContinental Jakarta,507
intercontinental-jakarta-508,InterContinental Jakarta,508
intercontinental-jakarta-509,InterContinental Jakarta,509
intercontinental-jakarta-510,InterContinental Jakarta,510
intercontinental-jakarta-511,InterContinental Jakarta,511
intercontinental-jakarta-512,InterContinental Jakarta,512
intercontinental-jakarta-513,InterContinental Jakarta,513
intercontinental-jakarta-514,InterContinental Jakarta,514
intercontinental-jakarta-515,InterContinental Jakarta,515
intercontinental-jakarta-516,InterContinental Jakarta,516
intercontinental-jakarta-517,InterContinental Jakarta,517
intercontinental-jakarta-518,InterContinental Jakarta,518
intercontinental-jakarta-519,InterContinental Jakarta,519
intercontinental-jakarta-520,InterContinental Jakarta,520
sheraton-jakarta-101,Sheraton Jakarta,101
sheraton-jakarta-102,Sheraton Jakarta,102
sheraton-jakarta-103,Sheraton Jakarta,103
sheraton-jakarta-104,Sheraton Jakarta,104
sheraton-jakarta-105,Sheraton Jakarta,105
sheraton-jakarta-106,Sheraton Jakarta,106
sheraton-jakarta-107,Sheraton Jakarta,107
sheraton-jakarta-108,Sheraton Jakarta,108
sheraton-jakarta-109,Sheraton Jakarta,109
sheraton-jakarta-110,Sheraton Jakarta,110
sheraton-jakarta-111,Sheraton Jakarta,111
sheraton-jakarta-112,Sheraton Jakarta,112
sheraton-jakarta-113,Sheraton Jakarta,113
sheraton-jakarta-114,Sheraton Jakarta,114
sheraton-jakarta-115,Sheraton Jakarta,115
sheraton-jakarta-116,Sheraton Jakarta,116
sheraton-jakarta-117,Sheraton Jakarta,117
sheraton-jakarta-118,Sheraton Jakarta,118
sheraton-jakarta-119,Sheraton Jakarta,119
sheraton-jakarta-120,Sheraton Jakarta,120
sheraton-jakarta-201,Sheraton Jakarta,201
sheraton-jakarta-202,Sheraton Jakarta,202
sheraton-jakarta-203,Sheraton Jakarta,203
sheraton-jakarta-204,Sheraton Jakarta,204
sheraton-jakarta-205,Sheraton Jakarta,205
sheraton-jakarta-206,Sheraton Jakarta,206
sheraton-jakarta-207,Sheraton Jakarta,207
sheraton-jakarta-208,Sheraton Jakarta,208
sheraton-jakarta-209,Sheraton Jakarta,209
sheraton-jakarta-210,Sheraton Jakarta,210
sheraton-jakarta-211,Sheraton Jakarta,211
sheraton-jakarta-212,Sheraton Jakarta,212
sheraton-jakarta-213,Sheraton Jakarta,213
sheraton-jakarta-214,Sheraton Jakarta,214
sheraton-jakarta-215,Sheraton Jakarta,215
sheraton-jakarta-216,Sheraton Jakarta,216
sheraton-jakarta-217,Sheraton Jakarta,217
sheraton-jakarta-218,Sheraton Jakarta,218
sheraton-jakarta-219,Sheraton Jakarta,219
sheraton-jakarta-220,Sheraton Jakarta,220
sheraton-jakarta-301,Sheraton Jakarta,301
sheraton-jakarta-302,Sheraton Jakarta,302
sheraton-jakarta-303,Sheraton Jakarta,303
sheraton-jakarta-304,Sheraton Jakarta,304
sheraton-jakarta-305,Sheraton Jakarta,305
sheraton-jakarta-306,Sheraton Jakarta,306
sheraton-jakarta-307,Sheraton Jakarta,307
sheraton-jakarta-308,Sheraton Jakarta,308
sheraton-jakarta-309,Sheraton Jakarta,309
sheraton-jakarta-310,Sheraton Jakarta,310
sheraton-jakarta-311,Sheraton Jakarta,311
sheraton-jakarta-312,Sheraton Jakarta,312
sheraton-jakarta-313,Sheraton Jakarta,313
sheraton-jakarta-314,Sheraton Jakarta,314
sheraton-jakarta-315,Sheraton Jakarta,315
sheraton-jakarta-316,Sheraton Jakarta,316
sheraton-jakarta-317,Sheraton Jakarta,317
sheraton-jakarta-318,Sheraton Jakarta,318
sheraton-jakarta-319,Sheraton Jakarta,319
sheraton-jakarta-320,Sheraton Jakarta,320
sheraton-jakarta-401,Sheraton Jakarta,401
sheraton-jakarta-402,Sheraton Jakarta,402
sheraton-jakarta-403,Sheraton Jakarta,403
sheraton-jakarta-404,Sheraton Jakarta,404
sheraton-jakarta-405,Sheraton Jakarta,405
sheraton-jakarta-406,Sheraton Jakarta,406
sheraton-jakarta-407,Sheraton Jakarta,407
sheraton-jakarta-408,Sheraton Jakarta,408
sheraton-jakarta-409,Sheraton Jakarta,409
sheraton-jakarta-410,Sheraton Jakarta,410
sheraton-jakarta-411,Sheraton Jakarta,411
sheraton-jakarta-412,Sheraton Jakarta,412
sheraton-jakarta-413,Sheraton Jakarta,413
sheraton-jakarta-414,Sheraton Jakarta,414
sheraton-jakarta-415,Sheraton Jakarta,415
sheraton-jakarta-416,Sheraton Jakarta,416
sheraton-jakarta-417,Sheraton Jakarta,417
sheraton-jakarta-418,Sheraton Jakarta,418
sheraton-jakarta-419,Sheraton Jakarta,419
sheraton-jakarta-420,Sheraton Jakarta,420
sheraton-jakarta-501,Sheraton Jakarta,501
sheraton-jakarta-502,Sheraton Jakarta,502
sheraton-jakarta-503,Sheraton Jakarta,503
sheraton-jakarta-504,Sheraton Jakarta,504
sheraton-jakarta-505,Sheraton Jakarta,505
sheraton-jakarta-506,Sheraton Jakarta,506
sheraton-jakarta-507,Sheraton Jakarta,507
sheraton-jakarta-508,Sheraton Jakarta,508
sheraton-jakarta-509,Sheraton Jakarta,509
sheraton-jakarta-510,Sheraton Jakarta,510
sheraton-jakarta-511,Sheraton Jakarta,511
sheraton-jakarta-512,Sheraton Jakarta,512
sheraton-jakarta-513,Sheraton Jakarta,513
sheraton-jakarta-514,Sheraton Jakarta,514
sheraton-jakarta-515,Sheraton Jakarta,515
sheraton-jakarta-516,Sheraton Jakarta,516
sheraton-jakarta-517,Sheraton Jakarta,517
sheraton-jakarta-518,Sheraton Jakarta,518
sheraton-jakarta-519,Sheraton Jakarta,519
sheraton-jakarta-520,Sheraton Jakarta,520
pullman-jakarta-101,Pullman Jakarta,101
pullman-jakarta-102,Pullman Jakarta,102
pullman-jakarta-103,Pullman Jakarta,103
pullman-jakarta-104,Pullman Jakarta,104
pullman-jakarta-105,Pullman Jakarta,105
pullman-jakarta-106,Pullman Jakarta,106
pullman-jakarta-107,Pullman Jakarta,107
pullman-jakarta-108,Pullman Jakarta,108
pullman-jakarta-109,Pullman Jakarta,109
pullman-jakarta-110,Pullman Jakarta,110
pullman-jakarta-111,Pullman Jakarta,111
pullman-jakarta-112,Pullman Jakarta,112
pullman-jakarta-113,Pullman Jakarta,113
pullman-jakarta-114,Pullman Jakarta,114
pullman-jakarta-115,Pullman Jakarta,115
pullman-jakarta-116,Pullman Jakarta,116
pullman-jakarta-117,Pullman Jakarta,117
pullman-jakarta-118,Pullman Jakarta,118
pullman-jakarta-119,Pullman Jakarta,119
pullman-jakarta-120,Pullman Jakarta,120
pullman-jakarta-201,Pullman Jakarta,201
pullman-jakarta-202,Pullman Jakarta,202
pullman-jakarta-203,Pullman Jakarta,203
pullman-jakarta-204,Pullman Jakarta,204
pullman-jakarta-205,Pullman Jakarta,205
pullman-jakarta-206,Pullman Jakarta,206
pullman-jakarta-207,Pullman Jakarta,207
pullman-jakarta-208,Pullman Jakarta,208
pullman-jakarta-209,Pullman Jakarta,209
pullman-jakarta-210,Pullman Jakarta,210
pullman-jakarta-211,Pullman Jakarta,211
pullman-jakarta-212,Pullman Jakarta,212
pullman-jakarta-213,Pullman Jakarta,213
pullman-jakarta-214,Pullman Jakarta,214
pullman-jakarta-215,Pullman Jakarta,215
pullman-jakarta-216,Pullman Jakarta,216
pullman-jakarta-217,Pullman Jakarta,217
pullman-jakarta-218,Pullman Jakarta,218
pullman-jakarta-219,Pullman Jakarta,219
pullman-jakarta-220,Pullman Jakarta,220
pullman-jakarta-301,Pullman Jakarta,301
pullman-jakarta-302,Pullman Jakarta,302
pullman-jakarta-303,Pullman Jakarta,303
pullman-jakarta-304,Pullman Jakarta,304
pullman-jakarta-305,Pullman Jakarta,305
pullman-jakarta-306,Pullman Jakarta,306
pullman-jakarta-307,Pullman Jakarta,307
pullman-jakarta-308,Pullman Jakarta,308
pullman-jakarta-309,Pullman Jakarta,309
pullman-jakarta-310,Pullman Jakarta,310
pullman-jakarta-311,Pullman Jakarta,311
pullman-jakarta-312,Pullman Jakarta,312
pullman-jakarta-313,Pullman Jakarta,313
pullman-jakarta-314,Pullman Jakarta,314
pullman-jakarta-315,Pullman Jakarta,315
pullman-jakarta-316,Pullman Jakarta,316
pullman-jakarta-317,Pullman Jakarta,317
pullman-jakarta-318,Pullman Jakarta,318
pullman-jakarta-319,Pullman Jakarta,319
pullman-jakarta-320,Pullman Jakarta,320
pullman-jakarta-401,Pullman Jakarta,401
pullman-jakarta-402,Pullman Jakarta,402
pullman-jakarta-403,Pullman Jakarta,403
pullman-jakarta-404,Pullman Jakarta,404
pullman-jakarta-405,Pullman Jakarta,405
pullman-jakarta-406,Pullman Jakarta,406
pullman-jakarta-407,Pullman Jakarta,407
pullman-jakarta-408,Pullman Jakarta,408
pullman-jakarta-409,Pullman Jakarta,409
pullman-jakarta-410,Pullman Jakarta,410
pullman-jakarta-411,Pullman Jakarta,411
pullman-jakarta-412,Pullman Jakarta,412
pullman-jakarta-413,Pullman Jakarta,413
pullman-jakarta-414,Pullman Jakarta,414
pullman-jakarta-415,Pullman Jakarta,415
pullman-jakarta-416,Pullman Jakarta,416
pullman-jakarta-417,Pullman Jakarta,417
pullman-jakarta-418,Pullman Jakarta,418
pullman-jakarta-419,Pullman Jakarta,419
pullman-jakarta-420,Pullman Jakarta,420
pullman-jakarta-501,Pullman Jakarta,501
pullman-jakarta-502,Pullman Jakarta,502
pullman-jakarta-503,Pullman Jakarta,503
pullman-jakarta-504,Pullman Jakarta,504
pullman-jakarta-505,Pullman Jakarta,505
pullman-jakarta-506,Pullman Jakarta,506
pullman-jakarta-507,Pullman Jakarta,507
pullman-jakarta-508,Pullman Jakarta,508
pullman-jakarta-509,Pullman Jakarta,509
pullman-jakarta-510,Pullman Jakarta,510
pullman-jakarta-511,Pullman Jakarta,511
pullman-jakarta-512,Pullman Jakarta,512
pullman-jakarta-513,Pullman Jakarta,513
pullman-jakarta-514,Pullman Jakarta,514
pullman-jakarta-515,Pullman Jakarta,515
pullman-jakarta-516,Pullman Jakarta,516
pullman-jakarta-517,Pullman Jakarta,517
pullman-jakarta-518,Pullman Jakarta,518
pullman-jakarta-519,Pullman Jakarta,519
pullman-jakarta-520,Pullman Jakarta,520
novotel-jakarta-101,Novotel Jakarta,101
novotel-jakarta-102,Novotel Jakarta,102
novotel-jakarta-103,Novotel Jakarta,103
novotel-jakarta-104,Novotel Jakarta,104
novotel-jakarta-105,Novotel Jakarta,105
novotel-jakarta-106,Novotel Jakarta,106
novotel-jakarta-107,Novotel Jakarta,107
novotel-jakarta-108,Novotel Jakarta,108
novotel-jakarta-109,Novotel Jakarta,109
novotel-jakarta-110,Novotel Jakarta,110
novotel-jakarta-111,Novotel Jakarta,111
novotel-jakarta-112,Novotel Jakarta,112
novotel-jakarta-113,Novotel Jakarta,113
novotel-jakarta-114,Novotel Jakarta,114
novotel-jakarta-115,Novotel Jakarta,115
novotel-jakarta-116,Novotel Jakarta,116
novotel-jakarta-117,Novotel Jakarta,117
novotel-jakarta-118,Novotel Jakarta,118
novotel-jakarta-119,Novotel Jakarta,119
novotel-jakarta-120,Novotel Jakarta,120
novotel-jakarta-201,Novotel Jakarta,201
novotel-jakarta-202,Novotel Jakarta,202
novotel-jakarta-203,Novotel Jakarta,203
novotel-jakarta-204,Novotel Jakarta,204
novotel-jakarta-205,Novotel Jakarta,205
novotel-jakarta-206,Novotel Jakarta,206
novotel-jakarta-207,Novotel Jakarta,207
novotel-jakarta-208,Novotel Jakarta,208
novotel-jakarta-209,Novotel Jakarta,209
novotel-jakarta-210,Novotel Jakarta,210
novotel-jakarta-211,Novotel Jakarta,211
novotel-jakarta-212,Novotel Jakarta,212
novotel-jakarta-213,Novotel Jakarta,213
novotel-jakarta-214,Novotel Jakarta,214
novotel-jakarta-215,Novotel Jakarta,215
novotel-jakarta-216,Novotel Jakarta,216
novotel-jakarta-217,Novotel Jakarta,217
novotel-jakarta-218,Novotel Jakarta,218
novotel-jakarta-219,Novotel Jakarta,219
novotel-jakarta-220,Novotel Jakarta,220
novotel-jakarta-301,Novotel Jakarta,301
novotel-jakarta-302,Novotel Jakarta,302
novotel-jakarta-303,Novotel Jakarta,303
novotel-jakarta-304,Novotel Jakarta,304
novotel-jakarta-305,Novotel Jakarta,305
novotel-jakarta-306,Novotel Jakarta,306
novotel-jakarta-307,Novotel Jakarta,307
novotel-jakarta-308,Novotel Jakarta,308
novotel-jakarta-309,Novotel Jakarta,309
novotel-jakarta-310,Novotel Jakarta,310
novotel-jakarta-311,Novotel Jakarta,311
novotel-jakarta-312,Novotel Jakarta,312
novotel-jakarta-313,Novotel Jakarta,313
novotel-jakarta-314,Novotel Jakarta,314
novotel-jakarta-315,Novotel Jakarta,315
novotel-jakarta-316,Novotel Jakarta,316
novotel-jakarta-317,Novotel Jakarta,317
novotel-jakarta-318,Novotel Jakarta,318
novotel-jakarta-319,Novotel Jakarta,319
novotel-jakarta-320,Novotel Jakarta,320
novotel-jakarta-401,Novotel Jakarta,401
novotel-jakarta-402,Novotel Jakarta,402
novotel-jakarta-403,Novotel Jakarta,403
novotel-jakarta-404,Novotel Jakarta,404
novotel-jakarta-405,Novotel Jakarta,405
novotel-jakarta-406,Novotel Jakarta,406
novotel-jakarta-407,Novotel Jakarta,407
novotel-jakarta-408,Novotel Jakarta,408
novotel-jakarta-409,Novotel Jakarta,409
novotel-jakarta-410,Novotel Jakarta,410
novotel-jakarta-411,Novotel Jakarta,411
novotel-jakarta-412,Novotel Jakarta,412
novotel-jakarta-413,Novotel Jakarta,413
novotel-jakarta-414,Novotel Jakarta,414
novotel-jakarta-415,Novotel Jakarta,415
novotel-jakarta-416,Novotel Jakarta,416
novotel-jakarta-417,Novotel Jakarta,417
novotel-jakarta-418,Novotel Jakarta,418
novotel-jakarta-419,Novotel Jakarta,419
novotel-jakarta-420,Novotel Jakarta,420
novotel-jakarta-501,Novotel Jakarta,501
novotel-jakarta-502,Novotel Jakarta,502
novotel-jakarta-503,Novotel Jakarta,503
novotel-jakarta-504,Novotel Jakarta,504
novotel-jakarta-505,Novotel Jakarta,505
novotel-jakarta-506,Novotel Jakarta,506
novotel-jakarta-507,Novotel Jakarta,507
novotel-jakarta-508,Novotel Jakarta,508
novotel-jakarta-509,Novotel Jakarta,509
novotel-jakarta-510,Novotel Jakarta,510
novotel-jakarta-511,Novotel Jakarta,511
novotel-jakarta-512,Novotel Jakarta,512
novotel-jakarta-513,Novotel Jakarta,513
novotel-jakarta-514,Novotel Jakarta,514
novotel-jakarta-515,Novotel Jakarta,515
novotel-jakarta-516,Novotel Jakarta,516
novotel-jakarta-517,Novotel Jakarta,517
novotel-jakarta-518,Novotel Jakarta,518
novotel-jakarta-519,Novotel Jakarta,519
novotel-jakarta-520,Novotel Jakarta,520
ibis-jakarta-101,Ibis Jakarta,101
ibis-jakarta-102,Ibis Jakarta,102
ibis-jakarta-103,Ibis Jakarta,103
ibis-jakarta-104,Ibis Jakarta,104
ibis-jakarta-105,Ibis Jakarta,105
ibis-jakarta-106,Ibis Jakarta,106
ibis-jakarta-107,Ibis Jakarta,107
ibis-jakarta-108,Ibis Jakarta,108
ibis-jakarta-109,Ibis Jakarta,109
ibis-jakarta-110,Ibis Jakarta,110
ibis-jakarta-111,Ibis Jakarta,111
ibis-jakarta-112,Ibis Jakarta,112
ibis-jakarta-113,Ibis Jakarta,113
ibis-jakarta-114,Ibis Jakarta,114
ibis-jakarta-115,Ibis Jakarta,115
ibis-jakarta-116,Ibis Jakarta,116
ibis-jakarta-117,Ibis Jakarta,117
ibis-jakarta-118,Ibis Jakarta,118
ibis-jakarta-119,Ibis Jakarta,119
ibis-jakarta-120,Ibis Jakarta,120
ibis-jakarta-201,Ibis Jakarta,201
ibis-jakarta-202,Ibis Jakarta,202
ibis-jakarta-203,Ibis Jakarta,203
ibis-jakarta-204,Ibis Jakarta,204
ibis-jakarta-205,Ibis Jakarta,205
ibis-jakarta-206,Ibis Jakarta,206
ibis-jakarta-207,Ibis Jakarta,207
ibis-jakarta-208,Ibis Jakarta,208
ibis-jakarta-209,Ibis Jakarta,209
ibis-jakarta-210,Ibis Jakarta,210
ibis-jakarta-211,Ibis Jakarta,211
ibis-jakarta-212,Ibis Jakarta,212
ibis-jakarta-213,Ibis Jakarta,213
ibis-jakarta-214,Ibis Jakarta,214
ibis-jakarta-215,Ibis Jakarta,215
ibis-jakarta-216,Ibis Jakarta,216
ibis-jakarta-217,Ibis Jakarta,217
ibis-jakarta-218,Ibis Jakarta,218
ibis-jakarta-219,Ibis Jakarta,219
ibis-jakarta-220,Ibis Jakarta,220
ibis-jakarta-301,Ibis Jakarta,301
ibis-jakarta-302,Ibis Jakarta,302
ibis-jakarta-303,Ibis Jakarta,303
ibis-jakarta-304,Ibis Jakarta,304
ibis-jakarta-305,Ibis Jakarta,305
ibis-jakarta-306,Ibis Jakarta,306
ibis-jakarta-307,Ibis Jakarta,307
ibis-jakarta-308,Ibis Jakarta,308
ibis-jakarta-309,Ibis Jakarta,309
ibis-jakarta-310,Ibis Jakarta,310
ibis-jakarta-311,Ibis Jakarta,311
ibis-jakarta-312,Ibis Jakarta,312
ibis-jakarta-313,Ibis Jakarta,313
ibis-jakarta-314,Ibis Jakarta,314
ibis-jakarta-315,Ibis Jakarta,315
ibis-jakarta-316,Ibis Jakarta,316
ibis-jakarta-317,Ibis Jakarta,317
ibis-jakarta-318,Ibis Jakarta,318
ibis-jakarta-319,Ibis Jakarta,319
ibis-jakarta-320,Ibis Jakarta,320
ibis-jakarta-401,Ibis Jakarta,401
ibis-jakarta-402,Ibis Jakarta,402
ibis-jakarta-403,Ibis Jakarta,403
ibis-jakarta-404,Ibis Jakarta,404
ibis-jakarta-405,Ibis Jakarta,405
ibis-jakarta-406,Ibis Jakarta,406
ibis-jakarta-407,Ibis Jakarta,407
ibis-jakarta-408,Ibis Jakarta,408
ibis-jakarta-409,Ibis Jakarta,409
ibis-jakarta-410,Ibis Jakarta,410
ibis-jakarta-411,Ibis Jakarta,411
ibis-jakarta-412,Ibis Jakarta,412
ibis-jakarta-413,Ibis Jakarta,413
ibis-jakarta-414,Ibis Jakarta,414
ibis-jakarta-415,Ibis Jakarta,415
ibis-jakarta-416,Ibis Jakarta,416
ibis-jakarta-417,Ibis Jakarta,417
ibis-jakarta-418,Ibis Jakarta,418
ibis-jakarta-419,Ibis Jakarta,419
ibis-jakarta-420,Ibis Jakarta,420
ibis-jakarta-501,Ibis Jakarta,501
ibis-jakarta-502,Ibis Jakarta,502
ibis-jakarta-503,Ibis Jakarta,503
ibis-jakarta-504,Ibis Jakarta,504
ibis-jakarta-505,Ibis Jakarta,505
ibis-jakarta-506,Ibis Jakarta,506
ibis-jakarta-507,Ibis Jakarta,507
ibis-jakarta-508,Ibis Jakarta,508
ibis-jakarta-509,Ibis Jakarta,509
ibis-jakarta-510,Ibis Jakarta,510
ibis-jakarta-511,Ibis Jakarta,511
ibis-jakarta-512,Ibis Jakarta,512
ibis-jakarta-513,Ibis Jakarta,513
ibis-jakarta-514,Ibis Jakarta,514
ibis-jakarta-515,Ibis Jakarta,515
ibis-jakarta-516,Ibis Jakarta,516
ibis-jakarta-517,Ibis Jakarta,517
ibis-jakarta-518,Ibis Jakarta,518
ibis-jakarta-519,Ibis Jakarta,519
ibis-jakarta-520,Ibis Jakarta,520
marriott-bandung-101,Marriott Bandung,101
marriott-bandung-102,Marriott Bandung,102
marriott-bandung-103,Marriott Bandung,103
marriott-bandung-104,Marriott Bandung,104
marriott-bandung-105,Marriott Bandung,105
marriott-bandung-106,Marriott Bandung,106
marriott-bandung-107,Marriott Bandung,107
marriott-bandung-108,Marriott Bandung,108
marriott-bandung-109,Marriott Bandung,109
marriott-bandung-110,Marriott Bandung,110
marriott-bandung-111,Marriott Bandung,111
marriott-bandung-112,Marriott Bandung,112
marriott-bandung-113,Marriott Bandung,113
marriott-bandung-114,Marriott Bandung,114
marriott-bandung-115,Marriott Bandung,115
marriott-bandung-116,Marriott Bandung,116
marriott-bandung-117,Marriott Bandung,117
marriott-bandung-118,Marriott Bandung,118
marriott-bandung-119,Marriott Bandung,119
marriott-bandung-120,Marriott Bandung,120
marriott-bandung-201,Marriott Bandung,201
marriott-bandung-202,Marriott Bandung,202
marriott-bandung-203,Marriott Bandung,203
marriott-bandung-204,Marriott Bandung,204
marriott-bandung-205,Marriott Bandung,205
marriott-bandung-206,Marriott Bandung,206
marriott-bandung-207,Marriott Bandung,207
marriott-bandung-208,Marriott Bandung,208
marriott-bandung-209,Marriott Bandung,209
marriott-bandung-210,Marriott Bandung,210
marriott-bandung-211,Marriott Bandung,211
marriott-bandung-212,Marriott Bandung,212
marriott-bandung-213,Marriott Bandung,213
marriott-bandung-214,Marriott Bandung,214
marriott-bandung-215,Marriott Bandung,215
marriott-bandung-216,Marriott Bandung,216
marriott-bandung-217,Marriott Bandung,217
marriott-bandung-218,Marriott Bandung,218
marriott-bandung-219,Marriott Bandung,219
marriott-bandung-220,Marriott Bandung,220
marriott-bandung-301,Marriott Bandung,301
marriott-bandung-302,Marriott Bandung,302
marriott-bandung-303,Marriott Bandung,303
marriott-bandung-304,Marriott Bandung,304
marriott-bandung-305,Marriott Bandung,305
marriott-bandung-306,Marriott Bandung,306
marriott-bandung-307,Marriott Bandung,307
marriott-bandung-308,Marriott Bandung,308
marriott-bandung-309,Marriott Bandung,309
marriott-bandung-310,Marriott Bandung,310
marriott-bandung-311,Marriott Bandung,311
marriott-bandung-312,Marriott Bandung,312
marriott-bandung-313,Marriott Bandung,313
marriott-bandung-314,Marriott Bandung,314
marriott-bandung-315,Marriott Bandung,315
marriott-bandung-316,Marriott Bandung,316
marriott-bandung-317,Marriott Bandung,317
marriott-bandung-318,Marriott Bandung,318
marriott-bandung-319,Marriott Bandung,319
marriott-bandung-320,Marriott Bandung,320
marriott-bandung-401,Marriott Bandung,401
marriott-bandung-402,Marriott Bandung,402
marriott-bandung-403,Marriott Bandung,403
marriott-bandung-404,Marriott Bandung,404
marriott-bandung-405,Marriott Bandung,405
marriott-bandung-406,Marriott Bandung,406
marriott-bandung-407,Marriott Bandung,407
marriott-bandung-408,Marriott Bandung,408
marriott-bandung-409,Marriott Bandung,409
marriott-bandung-410,Marriott Bandung,410
marriott-bandung-411,Marriott Bandung,411
marriott-bandung-412,Marriott Bandung,412
marriott-bandung-413,Marriott Bandung,413
marriott-bandung-414,Marriott Bandung,414
marriott-bandung-415,Marriott Bandung,415
marriott-bandung-416,Marriott Bandung,416
marriott-bandung-417,Marriott Bandung,417
marriott-bandung-418,Marriott Bandung,418
marriott-bandung-419,Marriott Bandung,419
marriott-bandung-420,Marriott Bandung,420
marriott-bandung-501,Marriott Bandung,501
marriott-bandung-502,Marriott Bandung,502
marriott-bandung-503,Marriott Bandung,503
marriott-bandung-504,Marriott Bandung,504
marriott-bandung-505,Marriott Bandung,505
marriott-bandung-506,Marriott Bandung,506
marriott-bandung-507,Marriott Bandung,507
marriott-bandung-508,Marriott Bandung,508
marriott-bandung-509,Marriott Bandung,509
marriott-bandung-510,Marriott Bandung,510
marriott-bandung-511,Marriott Bandung,511
marriott-bandung-512,Marriott Bandung,512
marriott-bandung-513,Marriott Bandung,513
marriott-bandung-514,Marriott Bandung,514
marriott-bandung-515,Marriott Bandung,515
marriott-bandung-516,Marriott Bandung,516
marriott-bandung-517,Marriott Bandung,517
marriott-bandung-518,Marriott Bandung,518
marriott-bandung-519,Marriott Bandung,519
marriott-bandung-520,Marriott Bandung,520
ritz-carlton-bandung-101,Ritz-Carlton Bandung,101
ritz-carlton-bandung-102,Ritz-Carlton Bandung,102
ritz-carlton-bandung-103,Ritz-Carlton Bandung,103
ritz-carlton-bandung-104,Ritz-Carlton Bandung,104
ritz-carlton-bandung-105,Ritz-Carlton Bandung,105
ritz-carlton-bandung-106,Ritz-Carlton Bandung,106
ritz-carlton-bandung-107,Ritz-Carlton Bandung,107
ritz-carlton-bandung-108,Ritz-Carlton Bandung,108
ritz-carlton-bandung-109,Ritz-Carlton Bandung,109
ritz-carlton-bandung-110,Ritz-Carlton Bandung,110
ritz-carlton-bandung-111,Ritz-Carlton Bandung,111
ritz-carlton-bandung-112,Ritz-Carlton Bandung,112
ritz-carlton-bandung-113,Ritz-Carlton Bandung,113
ritz-carlton-bandung-114,Ritz-Carlton Bandung,114
ritz-carlton-bandung-115,Ritz-Carlton Bandung,115
ritz-carlton-bandung-116,Ritz-Carlton Bandung,116
ritz-carlton-bandung-117,Ritz-Carlton Bandung,117
ritz-carlton-bandung-118,Ritz-Carlton Bandung,118
ritz-carlton-bandung-119,Ritz-Carlton Bandung,119
ritz-carlton-bandung-120,Ritz-Carlton Bandung,120
ritz-carlton-bandung-201,Ritz-Carlton Bandung,201
ritz-carlton-bandung-202,Ritz-Carlton Bandung,202
ritz-carlton-bandung-203,Ritz-Carlton Bandung,203
ritz-carlton-bandung-204,Ritz-Carlton Bandung,204
ritz-carlton-bandung-205,Ritz-Carlton Bandung,205
ritz-carlton-bandung-206,Ritz-Carlton Bandung,206
ritz-carlton-bandung-207,Ritz-Carlton Bandung,207
ritz-carlton-bandung-208,Ritz-Carlton Bandung,208
ritz-carlton-bandung-209,Ritz-Carlton Bandung,209
ritz-carlton-bandung-210,Ritz-Carlton Bandung,210
ritz-carlton-bandung-211,Ritz-Carlton Bandung,211
ritz-carlton-bandung-212,Ritz-Carlton Bandung,212
ritz-carlton-bandung-213,Ritz-Carlton Bandung,213
ritz-carlton-bandung-214,Ritz-Carlton Bandung,214
ritz-carlton-bandung-215,Ritz-Carlton Bandung,215
ritz-carlton-bandung-216,Ritz-Carlton Bandung,216
ritz-carlton-bandung-217,Ritz-Carlton Bandung,217
ritz-carlton-bandung-218,Ritz-Carlton Bandung,218
ritz-carlton-bandung-219,Ritz-Carlton Bandung,219
ritz-carlton-bandung-220,Ritz-Carlton Bandung,220
ritz-carlton-bandung-301,Ritz-Carlton Bandung,301
ritz-carlton-bandung-302,Ritz-Carlton Bandung,302
ritz-carlton-bandung-303,Ritz-Carlton Bandung,303
ritz-carlton-bandung-304,Ritz-Carlton Bandung,304
ritz-carlton-bandung-305,Ritz-Carlton Bandung,305
ritz-carlton-bandung-306,Ritz-Carlton Bandung,306
ritz-carlton-bandung-307,Ritz-Carlton Bandung,307
ritz-carlton-bandung-308,Ritz-Carlton Bandung,308
ritz-carlton-bandung-309,Ritz-Carlton Bandung,309
ritz-carlton-bandung-310,Ritz-Carlton Bandung,310
ritz-carlton-bandung-311,Ritz-Carlton Bandung,311
ritz-carlton-bandung-312,Ritz-Carlton Bandung,312
ritz-carlton-bandung-313,Ritz-Carlton Bandung,313
ritz-carlton-bandung-314,Ritz-Carlton Bandung,314
ritz-carlton-bandung-315,Ritz-Carlton Bandung,315
ritz-carlton-bandung-316,Ritz-Carlton Bandung,316
ritz-carlton-bandung-317,Ritz-Carlton Bandung,317
ritz-carlton-bandung-318,Ritz-Carlton Bandung,318
ritz-carlton-bandung-319,Ritz-Carlton Bandung,319
ritz-carlton-bandung-320,Ritz-Carlton Bandung,320
ritz-carlton-bandung-401,Ritz-Carlton Bandung,401
ritz-carlton-bandung-402,Ritz-Carlton Bandung,402
ritz-carlton-bandung-403,Ritz-Carlton Bandung,403
ritz-carlton-bandung-404,Ritz-Carlton Bandung,404
ritz-carlton-bandung-405,Ritz-Carlton Bandung,405
ritz-carlton-bandung-406,Ritz-Carlton Bandung,406
ritz-carlton-bandung-407,Ritz-Carlton Bandung,407
ritz-carlton-bandung-408,Ritz-Carlton Bandung,408
ritz-carlton-bandung-409,Ritz-Carlton Bandung,409
ritz-carlton-bandung-410,Ritz-Carlton Bandung,410
ritz-carlton-bandung-411,Ritz-Carlton Bandung,411
ritz-carlton-bandung-412,Ritz-Carlton Bandung,412
ritz-carlton-bandung-413,Ritz-Carlton Bandung,413
ritz-carlton-bandung-414,Ritz-Carlton Bandung,414
ritz-carlton-bandung-415,Ritz-Carlton Bandung,415
ritz-carlton-bandung-416,Ritz-Carlton Bandung,416
ritz-carlton-bandung-417,Ritz-Carlton Bandung,417
ritz-carlton-bandung-418,Ritz-Carlton Bandung,418
ritz-carlton-bandung-419,Ritz-Carlton Bandung,419
ritz-carlton-bandung-420,Ritz-Carlton Bandung,420
ritz-carlton-bandung-501,Ritz-Carlton Bandung,501
ritz-carlton-bandung-502,Ritz-Carlton Bandung,502
ritz-carlton-bandung-503,Ritz-Carlton Bandung,503
ritz-carlton-bandung-504,Ritz-Carlton Bandung,504
ritz-carlton-bandung-505,Ritz-Carlton Bandung,505
ritz-carlton-bandung-506,Ritz-Carlton Bandung,506
ritz-carlton-bandung-507,Ritz-Carlton Bandung,507
ritz-carlton-bandung-508,Ritz-Carlton Bandung,508
ritz-carlton-bandung-509,Ritz-Carlton Bandung,509
ritz-carlton-bandung-510,Ritz-Carlton Bandung,510
ritz-carlton-bandung-511,Ritz-Carlton Bandung,511
ritz-carlton-bandung-512,Ritz-Carlton Bandung,512
ritz-carlton-bandung-513,Ritz-Carlton Bandung,513
ritz-carlton-bandung-514,Ritz-Carlton Bandung,514
ritz-carlton-bandung-515,Ritz-Carlton Bandung,515
ritz-carlton-bandung-516,Ritz-Carlton Bandung,516
ritz-carlton-bandung-517,Ritz-Carlton Bandung,517
ritz-carlton-bandung-518,Ritz-Carlton Bandung,518
ritz-carlton-bandung-519,Ritz-Carlton Bandung,519
ritz-carlton-bandung-520,Ritz-Carlton Bandung,520
marriott-surabaya-101,Marriott Surabaya,101
marriott-surabaya-102,Marriott Surabaya,102
marriott-surabaya-103,Marriott Surabaya,103
marriott-surabaya-104,Marriott Surabaya,104
marriott-surabaya-105,Marriott Surabaya,105
marriott-surabaya-106,Marriott Surabaya,106
marriott-surabaya-107,Marriott Surabaya,107
marriott-surabaya-108,Marriott Surabaya,108
marriott-surabaya-109,Marriott Surabaya,109
marriott-surabaya-110,Marriott Surabaya,110
marriott-surabaya-111,Marriott Surabaya,111
marriott-surabaya-112,Marriott Surabaya,112
marriott-surabaya-113,Marriott Surabaya,113
marriott-surabaya-114,Marriott Surabaya,114
marriott-surabaya-115,Marriott Surabaya,115
marriott-surabaya-116,Marriott Surabaya,116
marriott-surabaya-117,Marriott Surabaya,117
marriott-surabaya-118,Marriott Surabaya,118
marriott-surabaya-119,Marriott Surabaya,119
marriott-surabaya-120,Marriott Surabaya,120
marriott-surabaya-201,Marriott Surabaya,201
marriott-surabaya-202,Marriott Surabaya,202
marriott-surabaya-203,Marriott Surabaya,203
marriott-surabaya-204,Marriott Surabaya,204
marriott-surabaya-205,Marriott Surabaya,205
marriott-surabaya-206,Marriott Surabaya,206
marriott-surabaya-207,Marriott Surabaya,207
marriott-surabaya-208,Marriott Surabaya,208
marriott-surabaya-209,Marriott Surabaya,209
marriott-surabaya-210,Marriott Surabaya,210
marriott-surabaya-211,Marriott Surabaya,211
marriott-surabaya-212,Marriott Surabaya,212
marriott-surabaya-213,Marriott Surabaya,213
marriott-surabaya-214,Marriott Surabaya,214
marriott-surabaya-215,Marriott Surabaya,215
marriott-surabaya-216,Marriott Surabaya,216
marriott-surabaya-217,Marriott Surabaya,217
marriott-surabaya-218,Marriott Surabaya,218
marriott-surabaya-219,Marriott Surabaya,219
marriott-surabaya-220,Marriott Surabaya,220
marriott-surabaya-301,Marriott Surabaya,301
marriott-surabaya-302,Marriott Surabaya,302
marriott-surabaya-303,Marriott Surabaya,303
marriott-surabaya-304,Marriott Surabaya,304
marriott-surabaya-305,Marriott Surabaya,305
marriott-surabaya-306,Marriott Surabaya,306
marriott-surabaya-307,Marriott Surabaya,307
marriott-surabaya-308,Marriott Surabaya,308
marriott-surabaya-309,Marriott Surabaya,309
marriott-surabaya-310,Marriott Surabaya,310
marriott-surabaya-311,Marriott Surabaya,311
marriott-surabaya-312,Marriott Surabaya,312
marriott-surabaya-313,Marriott Surabaya,313
marriott-surabaya-314,Marriott Surabaya,314
marriott-surabaya-315,Marriott Surabaya,315
marriott-surabaya-316,Marriott Surabaya,316
marriott-surabaya-317,Marriott Surabaya,317
marriott-surabaya-318,Marriott Surabaya,318
marriott-surabaya-319,Marriott Surabaya,319
marriott-surabaya-320,Marriott Surabaya,320
marriott-surabaya-401,Marriott Surabaya,401
marriott-surabaya-402,Marriott Surabaya,402
marriott-surabaya-403,Marriott Surabaya,403
marriott-surabaya-404,Marriott Surabaya,404
marriott-surabaya-405,Marriott Surabaya,405
marriott-surabaya-406,Marriott Surabaya,406
marriott-surabaya-407,Marriott Surabaya,407
marriott-surabaya-408,Marriott Surabaya,408
marriott-surabaya-409,Marriott Surabaya,409
marriott-surabaya-410,Marriott Surabaya,410
marriott-surabaya-411,Marriott Surabaya,411
marriott-surabaya-412,Marriott Surabaya,412
marriott-surabaya-413,Marriott Surabaya,413
marriott-surabaya-414,Marriott Surabaya,414
marriott-surabaya-415,Marriott Surabaya,415
marriott-surabaya-416,Marriott Surabaya,416
marriott-surabaya-417,Marriott Surabaya,417
marriott-surabaya-418,Marriott Surabaya,418
marriott-surabaya-419,Marriott Surabaya,419
marriott-surabaya-420,Marriott Surabaya,420
marriott-surabaya-501,Marriott Surabaya,501
marriott-surabaya-502,Marriott Surabaya,502
marriott-surabaya-503,Marriott Surabaya,503
marriott-surabaya-504,Marriott Surabaya,504
marriott-surabaya-505,Marriott Surabaya,505
marriott-surabaya-506,Marriott Surabaya,506
marriott-surabaya-507,Marriott Surabaya,507
marriott-surabaya-508,Marriott Surabaya,508
marriott-surabaya-509,Marriott Surabaya,509
marriott-surabaya-510,Marriott Surabaya,510
marriott-surabaya-511,Marriott Surabaya,511
marriott-surabaya-512,Marriott Surabaya,512
marriott-surabaya-513,Marriott Surabaya,513
marriott-surabaya-514,Marriott Surabaya,514
marriott-surabaya-515,Marriott Surabaya,515
marriott-surabaya-516,Marriott Surabaya,516
marriott-surabaya-517,Marriott Surabaya,517
marriott-surabaya-518,Marriott Surabaya,518
marriott-surabaya-519,Marriott Surabaya,519
marriott-surabaya-520,Marriott Surabaya,520
ritz-carlton-surabaya-101,Ritz-Carlton Surabaya,101
ritz-carlton-surabaya-102,Ritz-Carlton Surabaya,102
ritz-carlton-surabaya-103,Ritz-Carlton Surabaya,103
ritz-carlton-surabaya-104,Ritz-Carlton Surabaya,104
ritz-carlton-surabaya-105,Ritz-Carlton Surabaya,105
ritz-carlton-surabaya-106,Ritz-Carlton Surabaya,106
ritz-carlton-surabaya-107,Ritz-Carlton Surabaya,107
ritz-carlton-surabaya-108,Ritz-Carlton Surabaya,108
ritz-carlton-surabaya-109,Ritz-Carlton Surabaya,109
ritz-carlton-surabaya-110,Ritz-Carlton Surabaya,110
ritz-carlton-surabaya-111,Ritz-Carlton Surabaya,111
ritz-carlton-surabaya-112,Ritz-Carlton Surabaya,112
ritz-carlton-surabaya-113,Ritz-Carlton Surabaya,113
ritz-carlton-surabaya-114,Ritz-Carlton Surabaya,114
ritz-carlton-surabaya-115,Ritz-Carlton Surabaya,115
ritz-carlton-surabaya-116,Ritz-Carlton Surabaya,116
ritz-carlton-surabaya-117,Ritz-Carlton Surabaya,117
ritz-carlton-surabaya-118,Ritz-Carlton Surabaya,118
ritz-carlton-surabaya-119,Ritz-Carlton Surabaya,119
ritz-carlton-surabaya-120,Ritz-Carlton Surabaya,120
ritz-carlton-surabaya-201,Ritz-Carlton Surabaya,201
ritz-carlton-surabaya-202,Ritz-Carlton Surabaya,202
ritz-carlton-surabaya-203,Ritz-Carlton Surabaya,203
ritz-carlton-surabaya-204,Ritz-Carlton Surabaya,204
ritz-carlton-surabaya-205,Ritz-Carlton Surabaya,205
ritz-carlton-surabaya-206,Ritz-Carlton Surabaya,206
ritz-carlton-surabaya-207,Ritz-Carlton Surabaya,207
ritz-carlton-surabaya-208,Ritz-Carlton Surabaya,208
ritz-carlton-surabaya-209,Ritz-Carlton Surabaya,209
ritz-carlton-surabaya-210,Ritz-Carlton Surabaya,210
ritz-carlton-surabaya-211,Ritz-Carlton Surabaya,211
ritz-carlton-surabaya-212,Ritz-Carlton Surabaya,212
ritz-carlton-surabaya-213,Ritz-Carlton Surabaya,213
ritz-carlton-surabaya-214,Ritz-Carlton Surabaya,214
ritz-carlton-surabaya-215,Ritz-Carlton Surabaya,215
ritz-carlton-surabaya-216,Ritz-Carlton Surabaya,216
ritz-carlton-surabaya-217,Ritz-Carlton Surabaya,217
ritz-carlton-surabaya-218,Ritz-Carlton Surabaya,218
ritz-carlton-surabaya-219,Ritz-Carlton Surabaya,219
ritz-carlton-surabaya-220,Ritz-Carlton Surabaya,220
ritz-carlton-surabaya-301,Ritz-Carlton Surabaya,301
ritz-carlton-surabaya-302,Ritz-Carlton Surabaya,302
ritz-carlton-surabaya-303,Ritz-Carlton Surabaya,303
ritz-carlton-surabaya-304,Ritz-Carlton Surabaya,304
ritz-carlton-surabaya-305,Ritz-Carlton Surabaya,305
ritz-carlton-surabaya-306,Ritz-Carlton Surabaya,306
ritz-carlton-surabaya-307,Ritz-Carlton Surabaya,307
ritz-carlton-surabaya-308,Ritz-Carlton Surabaya,308
ritz-carlton-surabaya-309,Ritz-Carlton Surabaya,309
ritz-carlton-surabaya-310,Ritz-Carlton Surabaya,310
ritz-carlton-surabaya-311,Ritz-Carlton Surabaya,311
ritz-carlton-surabaya-312,Ritz-Carlton Surabaya,312
ritz-carlton-surabaya-313,Ritz-Carlton Surabaya,313
ritz-carlton-surabaya-314,Ritz-Carlton Surabaya,314
ritz-carlton-surabaya-315,Ritz-Carlton Surabaya,315
ritz-carlton-surabaya-316,Ritz-Carlton Surabaya,316
ritz-carlton-surabaya-317,Ritz-Carlton Surabaya,317
ritz-carlton-surabaya-318,Ritz-Carlton Surabaya,318
ritz-carlton-surabaya-319,Ritz-Carlton Surabaya,319
ritz-carlton-surabaya-320,Ritz-Carlton Surabaya,320
ritz-carlton-surabaya-401,Ritz-Carlton Surabaya,401
ritz-carlton-surabaya-402,Ritz-Carlton Surabaya,402
ritz-carlton-surabaya-403,Ritz-Carlton Surabaya,403
ritz-carlton-surabaya-404,Ritz-Carlton Surabaya,404
ritz-carlton-surabaya-405,Ritz-Carlton Surabaya,405
ritz-carlton-surabaya-406,Ritz-Carlton Surabaya,406
ritz-carlton-surabaya-407,Ritz-Carlton Surabaya,407
ritz-carlton-surabaya-408,Ritz-Carlton Surabaya,408
ritz-carlton-surabaya-409,Ritz-Carlton Surabaya,409
ritz-carlton-surabaya-410,Ritz-Carlton Surabaya,410
ritz-carlton-surabaya-411,Ritz-Carlton Surabaya,411
ritz-carlton-surabaya-412,Ritz-Carlton Surabaya,412
ritz-carlton-surabaya-413,Ritz-Carlton Surabaya,413
ritz-carlton-surabaya-414,Ritz-Carlton Surabaya,414
ritz-carlton-surabaya-415,Ritz-Carlton Surabaya,415
ritz-carlton-surabaya-416,Ritz-Carlton Surabaya,416
ritz-carlton-surabaya-417,Ritz-Carlton Surabaya,417
ritz-carlton-surabaya-418,Ritz-Carlton Surabaya,418
ritz-carlton-surabaya-419,Ritz-Carlton Surabaya,419
ritz-carlton-surabaya-420,Ritz-Carlton Surabaya,420
ritz-carlton-surabaya-501,Ritz-Carlton Surabaya,501
ritz-carlton-surabaya-502,Ritz-Carlton Surabaya,502
ritz-carlton-surabaya-503,Ritz-Carlton Surabaya,503
ritz-carlton-surabaya-504,Ritz-Carlton Surabaya,504
ritz-carlton-surabaya-505,Ritz-Carlton Surabaya,505
ritz-carlton-surabaya-506,Ritz-Carlton Surabaya,506
ritz-carlton-surabaya-507,Ritz-Carlton Surabaya,507
ritz-carlton-surabaya-508,Ritz-Carlton Surabaya,508
ritz-carlton-surabaya-509,Ritz-Carlton Surabaya,509
ritz-carlton-surabaya-510,Ritz-Carlton Surabaya,510
ritz-carlton-surabaya-511,Ritz-Carlton Surabaya,511
ritz-carlton-surabaya-512,Ritz-Carlton Surabaya,512
ritz-carlton-surabaya-513,Ritz-Carlton Surabaya,513
ritz-carlton-surabaya-514,Ritz-Carlton Surabaya,514
ritz-carlton-surabaya-515,Ritz-Carlton Surabaya,515
ritz-carlton-surabaya-516,Ritz-Carlton Surabaya,516
ritz-carlton-surabaya-517,Ritz-Carlton Surabaya,517
ritz-carlton-surabaya-518,Ritz-Carlton Surabaya,518
ritz-carlton-surabaya-519,Ritz-Carlton Surabaya,519
ritz-carlton-surabaya-520,Ritz-Carlton Surabaya,520
marriott-medan-101,Marriott Medan,101
marriott-medan-102,Marriott Medan,102
marriott-medan-103,Marriott Medan,103
marriott-medan-104,Marriott Medan,104
marriott-medan-105,Marriott Medan,105
marriott-medan-106,Marriott Medan,106
marriott-medan-107,Marriott Medan,107
marriott-medan-108,Marriott Medan,108
marriott-medan-109,Marriott Medan,109
marriott-medan-110,Marriott Medan,110
marriott-medan-111,Marriott Medan,111
marriott-medan-112,Marriott Medan,112
marriott-medan-113,Marriott Medan,113
marriott-medan-114,Marriott Medan,114
marriott-medan-115,Marriott Medan,115
marriott-medan-116,Marriott Medan,116
marriott-medan-117,Marriott Medan,117
marriott-medan-118,Marriott Medan,118
marriott-medan-119,Marriott Medan,119
marriott-medan-120,Marriott Medan,120
marriott-medan-201,Marriott Medan,201
marriott-medan-202,Marriott Medan,202
marriott-medan-203,Marriott Medan,203
marriott-medan-204,Marriott Medan,204
marriott-medan-205,Marriott Medan,205
marriott-medan-206,Marriott Medan,206
marriott-medan-207,Marriott Medan,207
marriott-medan-208,Marriott Medan,208
marriott-medan-209,Marriott Medan,209
marriott-medan-210,Marriott Medan,210
marriott-medan-211,Marriott Medan,211
marriott-medan-212,Marriott Medan,212
marriott-medan-213,Marriott Medan,213
marriott-medan-214,Marriott Medan,214
marriott-medan-215,Marriott Medan,215
marriott-medan-216,Marriott Medan,216
marriott-medan-217,Marriott Medan,217
marriott-medan-218,Marriott Medan,218
marriott-medan-219,Marriott Medan,219
marriott-medan-220,Marriott Medan,220
marriott-medan-301,Marriott Medan,301
marriott-medan-302,Marriott Medan,302
marriott-medan-303,Marriott Medan,303
marriott-medan-304,Marriott Medan,304
marriott-medan-305,Marriott Medan,305
marriott-medan-306,Marriott Medan,306
marriott-medan-307,Marriott Medan,307
marriott-medan-308,Marriott Medan,308
marriott-medan-309,Marriott Medan,309
marriott-medan-310,Marriott Medan,310
marriott-medan-311,Marriott Medan,311
marriott-medan-312,Marriott Medan,312
marriott-medan-313,Marriott Medan,313
marriott-medan-314,Marriott Medan,314
marriott-medan-315,Marriott Medan,315
marriott-medan-316,Marriott Medan,316
marriott-medan-317,Marriott Medan,317
marriott-medan-318,Marriott Medan,318
marriott-medan-319,Marriott Medan,319
marriott-medan-320,Marriott Medan,320
marriott-medan-401,Marriott Medan,401
marriott-medan-402,Marriott Medan,402
marriott-medan-403,Marriott Medan,403
marriott-medan-404,Marriott Medan,404
marriott-medan-405,Marriott Medan,405
marriott-medan-406,Marriott Medan,406
marriott-medan-407,Marriott Medan,407
marriott-medan-408,Marriott Medan,408
marriott-medan-409,Marriott Medan,409
marriott-medan-410,Marriott Medan,410
marriott-medan-411,Marriott Medan,411
marriott-medan-412,Marriott Medan,412
marriott-medan-413,Marriott Medan,413
marriott-medan-414,Marriott Medan,414
marriott-medan-415,Marriott Medan,415
marriott-medan-416,Marriott Medan,416
marriott-medan-417,Marriott Medan,417
marriott-medan-418,Marriott Medan,418
marriott-medan-419,Marriott Medan,419
marriott-medan-420,Marriott Medan,420
marriott-medan-501,Marriott Medan,501
marriott-medan-502,Marriott Medan,502
marriott-medan-503,Marriott Medan,503
marriott-medan-504,Marriott Medan,504
marriott-medan-505,Marriott Medan,505
marriott-medan-506,Marriott Medan,506
marriott-medan-507,Marriott Medan,507
marriott-medan-508,Marriott Medan,508
marriott-medan-509,Marriott Medan,509
marriott-medan-510,Marriott Medan,510
marriott-medan-511,Marriott Medan,511
marriott-medan-512,Marriott Medan,512
marriott-medan-513,Marriott Medan,513
marriott-medan-514,Marriott Medan,514
marriott-medan-515,Marriott Medan,515
marriott-medan-516,Marriott Medan,516
marriott-medan-517,Marriott Medan,517
marriott-medan-518,Marriott Medan,518
marriott-medan-519,Marriott Medan,519
marriott-medan-520,Marriott Medan,520
